alignment	site	nseq	naa	multinomial_pval	aagtr_pval	reduced_loglk	full_loglk	tag
HOG50212_alig	1	7	3	1	0.999888	-4.541354	-4.541242	Test
HOG50212_alig	2	7	1	1	1	0.000000	0.000000	Test
HOG50212_alig	3	7	3	1	0.999135	-4.386095	-4.385229	Test
HOG50212_alig	4	7	1	1	1	0.000000	0.000000	Test
HOG50212_alig	5	7	2	1	0.994217	-2.352273	-2.352247	Test
HOG50212_alig	6	7	4	1	0.974434	-6.354979	-6.245387	Test
HOG50212_alig	7	7	3	1	0.987066	-4.721375	-4.708357	Test
HOG50212_alig	8	7	3	1	0.999979	-4.475687	-4.475666	Test
HOG50212_alig	9	7	2	1	0.973857	-2.928869	-2.928332	Test
HOG50212_alig	10	7	1	1	1	0.000000	0.000000	Test
HOG50212_alig	11	7	2	1	0.991131	-2.351207	-2.351146	Test
HOG50212_alig	12	7	3	1	0.999705	-4.304858	-4.304563	Test
HOG50212_alig	13	7	1	1	1	0.000000	0.000000	Test
HOG50212_alig	14	7	1	1	1	0.000000	0.000000	Test
HOG50212_alig	15	7	1	1	1	0.000000	0.000000	Test
HOG50212_alig	16	7	1	1	1	0.000000	0.000000	Test
HOG50212_alig	17	7	3	1	0.999671	-4.369751	-4.369421	Test
HOG50212_alig	18	7	3	1	0.999614	-4.428682	-4.428296	Test
HOG50212_alig	19	7	2	1	0.991131	-2.351207	-2.351146	Test
HOG50212_alig	20	7	3	1	0.998933	-4.349554	-4.348487	Test
HOG50212_alig	21	7	1	1	1	0.000000	0.000000	Test
HOG50212_alig	22	7	1	1	1	0.000000	0.000000	Test
HOG50212_alig	23	7	1	1	1	0.000000	0.000000	Test
HOG50212_alig	24	7	1	1	1	0.000000	0.000000	Test
HOG50212_alig	25	7	3	1	0.972706	-4.430461	-4.402788	Test
HOG50212_alig	26	7	2	1	0.951111	-2.301711	-2.299831	Test
HOG50212_alig	27	7	1	1	1	0.000000	0.000000	Test
HOG50212_alig	28	7	1	1	1	0.000000	0.000000	Test
HOG50212_alig	29	7	1	1	1	0.000000	0.000000	Test
HOG50212_alig	30	7	1	1	1	0.000000	0.000000	Test
HOG50212_alig	31	7	1	1	1	0.000000	0.000000	Test
HOG50212_alig	32	7	1	1	1	0.000000	0.000000	Test
HOG50212_alig	33	7	1	1	1	0.000000	0.000000	Test
HOG50212_alig	34	7	1	1	1	0.000000	0.000000	Test
HOG50212_alig	35	7	1	1	1	0.000000	0.000000	Test
HOG50212_alig	36	7	1	1	1	0.000000	0.000000	Test
HOG50212_alig	37	7	1	1	1	0.000000	0.000000	Test
HOG50212_alig	38	7	1	1	1	0.000000	0.000000	Test
HOG50212_alig	39	7	1	1	1	0.000000	0.000000	Test
HOG50212_alig	40	7	2	1	0.980399	-1.981106	-1.980804	Test
HOG50212_alig	41	7	1	1	1	0.000000	0.000000	Test
HOG50212_alig	42	7	3	1	0.995621	-3.900796	-3.896407	Test
HOG50212_alig	43	7	2	1	0.997088	-2.362382	-2.362375	Test
HOG50212_alig	44	7	1	1	1	0.000000	0.000000	Test
HOG50212_alig	45	7	4	1	0.999285	-6.053169	-6.043467	Test
HOG50212_alig	46	7	2	1	0.857801	-2.618404	-2.602353	Test
HOG50212_alig	47	7	2	1	0.994217	-2.352273	-2.352247	Test
HOG50212_alig	48	7	2	1	0.960192	-2.300431	-2.299186	Test
HOG50212_alig	49	7	2	1	0.98692	-2.351724	-2.351590	Test
HOG50212_alig	50	8	3	1	0.999609	-5.086309	-5.085918	Test
HOG50212_alig	51	8	2	1	0.972675	-2.668358	-2.667772	Test
HOG50212_alig	52	8	3	1	0.946702	-5.564452	-5.509681	Test
HOG50212_alig	53	10	2	1	0.299543	-5.357373	-4.819260	Test
HOG50212_alig	54	11	4	1	0.969518	-8.904575	-8.780650	Test
HOG50212_alig	55	13	5	0.430273	0.434819	-12.886257	-10.990017	Test
HOG50212_alig	56	13	1	1	1	0.000000	0.000000	Test
HOG50212_alig	57	13	4	0.42094	0.588106	-12.982184	-12.019654	Test
HOG50212_alig	58	14	5	0.121176	0.12125	-14.585495	-10.939609	Test
HOG50212_alig	59	14	1	1	1	0.000000	0.000000	Test
HOG50212_alig	60	14	6	0.0745408	0.134629	-19.880647	-15.671388	Test
HOG50212_alig	61	14	5	0.121176	0.0956446	-16.966241	-13.020622	Test
HOG50212_alig	62	15	4	0.67974	0.5088	-12.708378	-11.548640	Test
HOG50212_alig	63	16	1	1	1	0.000000	0.000000	Test
HOG50212_alig	64	16	4	0.0272029	0.0333982	-14.457734	-10.102486	Test
HOG50212_alig	65	16	6	0.0170807	0.0530088	-23.788491	-18.328965	Test
HOG50212_alig	66	16	3	0.265901	0.215385	-6.668227	-5.132899	Test
HOG50212_alig	67	16	2	0.806376	0.252064	-3.415639	-2.759725	Test
HOG50212_alig	68	16	4	0.405002	0.40594	-15.496157	-14.041879	Test
HOG50212_alig	69	16	1	1	1	0.000000	0.000000	Test
HOG50212_alig	70	16	1	1	1	0.000000	0.000000	Test
HOG50212_alig	71	16	3	0.529843	0.391799	-11.923192	-10.986186	Test
HOG50212_alig	72	16	1	1	1	0.000000	0.000000	Test
HOG50212_alig	73	16	2	0.552491	0.545262	-5.276718	-5.093781	Test
HOG50212_alig	74	16	2	0.0162643	0.0182281	-4.697928	-1.910881	Test
HOG50212_alig	75	16	2	0.160233	0.092142	-3.329253	-1.910979	Test
HOG50212_alig	76	16	4	0.215724	0.137066	-12.959269	-10.196048	Test
HOG50212_alig	77	16	2	0.806376	0.498379	-3.696293	-3.467100	Test
HOG50212_alig	78	16	4	0.424027	0.400069	-17.621001	-16.148137	Test
HOG50212_alig	79	16	1	1	1	0.000000	0.000000	Test
HOG50212_alig	80	16	5	0.270017	0.223722	-18.592167	-15.748351	Test
HOG50212_alig	81	16	3	0.201067	0.215384	-6.869657	-5.334323	Test
HOG50212_alig	82	16	3	0.847091	0.667909	-11.167292	-10.763689	Test
HOG50212_alig	83	16	1	1	1	0.000000	0.000000	Test
HOG50212_alig	84	16	4	0.215724	0.1482	-12.820102	-10.147529	Test
HOG50212_alig	85	16	5	0.121102	0.146499	-20.025241	-16.622216	Test
HOG50212_alig	86	16	6	0.0170807	0.240798	-16.291301	-12.921877	Test
HOG50212_alig	87	16	1	1	1	0.000000	0.000000	Test
HOG50212_alig	88	16	6	0.0485881	0.131841	-18.635299	-14.396889	Test
HOG50212_alig	89	16	1	1	1	0.000000	0.000000	Test
HOG50212_alig	90	16	1	1	1	0.000000	0.000000	Test
HOG50212_alig	91	16	2	0.377865	0.212068	-7.887188	-7.108563	Test
HOG50212_alig	92	16	6	0.0485881	0.180989	-23.620243	-19.830539	Test
HOG50212_alig	93	16	2	0.806376	0.501056	-3.714468	-3.488118	Test
HOG50212_alig	94	16	3	0.117506	0.088702	-8.827860	-6.405387	Test
HOG50212_alig	95	15	4	0.087	0.0657559	-10.471712	-6.871146	Test
HOG50212_alig	96	15	4	0.0476272	0.0283431	-16.800337	-12.264116	Test
HOG50212_alig	97	15	2	0.793011	0.485998	-3.641622	-3.398934	Test
HOG50212_alig	98	15	4	0.0244786	0.134642	-12.636586	-9.852711	Test
HOG50212_alig	99	16	1	1	1	0.000000	0.000000	Test
HOG50212_alig	100	16	2	0.0147427	0.00371043	-11.000444	-6.790267	Test
HOG50212_alig	101	16	2	0.225074	0.124229	-3.432076	-2.250490	Test
HOG50212_alig	102	16	1	1	1	0.000000	0.000000	Test
HOG50212_alig	103	16	2	0.225074	0.121629	-3.448628	-2.250522	Test
HOG50212_alig	104	16	2	0.713944	0.662903	-5.426193	-5.331185	Test
HOG50212_alig	105	16	3	0.0582395	0.152902	-9.455433	-7.577473	Test
HOG50212_alig	106	16	3	0.311275	0.152389	-12.004581	-10.123265	Test
HOG50212_alig	107	16	4	0.141029	0.10953	-16.874429	-13.852861	Test
HOG50212_alig	108	16	2	0.256868	0.0212787	-6.640110	-3.988201	Test
HOG50212_alig	109	16	2	0.225074	0.128181	-3.432978	-2.275777	Test
HOG50212_alig	110	16	1	1	1	0.000000	0.000000	Test
HOG50212_alig	111	16	2	0.225074	0.121609	-3.448758	-2.250522	Test
HOG50212_alig	112	16	4	0.00123703	0.00610417	-12.390760	-6.185991	Test
HOG50212_alig	113	16	3	0.000440953	0.00148121	-9.292710	-2.777815	Test
HOG50212_alig	114	16	2	0.00563771	0.029299	-6.743455	-4.368475	Test
HOG50212_alig	115	16	5	0.441907	0.40267	-15.876647	-13.864283	Test
HOG50212_alig	116	16	2	0.115966	0.260933	-5.690450	-5.058549	Test
HOG50212_alig	117	16	5	0.0103109	0.0970429	-14.250633	-10.323215	Test
HOG50212_alig	118	16	4	0.216397	0.222526	-15.218616	-13.024749	Test
HOG50212_alig	119	16	2	0.00420324	0.0168108	-5.110375	-2.252365	Test
HOG50212_alig	120	16	7	0.118511	0.159731	-19.783793	-15.156235	Test
HOG50212_alig	121	16	3	0.327769	0.215262	-7.181264	-5.645366	Test
HOG50212_alig	122	16	6	0.0358012	0.0265931	-24.364357	-18.025476	Test
HOG50212_alig	123	16	2	0.537091	0.094262	-5.418485	-4.018466	Test
HOG50212_alig	124	16	4	0.00123703	0.00105752	-15.223827	-7.149899	Test
HOG50212_alig	125	16	5	0.162024	0.270365	-16.496070	-13.911432	Test
HOG50212_alig	126	16	4	0.228586	0.0391094	-16.948526	-12.767970	Test
HOG50212_alig	127	16	2	0.74183	0.218889	-3.458784	-2.702962	Test
HOG50212_alig	128	16	3	0.327769	0.19124	-7.288734	-5.634510	Test
HOG50212_alig	129	16	5	0.181979	0.139972	-16.446077	-12.984193	Test
HOG50212_alig	130	16	1	1	1	0.000000	0.000000	Test
HOG50212_alig	131	16	4	0.0244786	0.0412344	-12.941622	-8.819762	Test
HOG50212_alig	132	16	2	1	0.331696	-2.994238	-2.523106	Test
HOG50212_alig	133	16	1	1	1	0.000000	0.000000	Test
HOG50212_alig	134	16	2	1	0.970546	-3.463643	-3.462962	Test
HOG50212_alig	135	16	1	1	1	0.000000	0.000000	Test
HOG50212_alig	136	16	2	1	0.997456	-3.696180	-3.696175	Test
HOG50212_alig	137	16	3	1	0.987426	-5.662917	-5.650263	Test
HOG50212_alig	138	16	2	1	0.860871	-2.859557	-2.844198	Test
HOG50212_alig	139	16	2	1	0.756819	-3.730581	-3.682636	Test
HOG50212_alig	140	16	4	1	0.994703	-8.841277	-8.803987	Test
HOG50212_alig	141	16	2	1	0.757901	-3.729415	-3.681910	Test
HOG50212_alig	142	16	4	1	0.999934	-8.634178	-8.632203	Test
HOG50212_alig	143	16	4	1	0.986751	-7.922508	-7.852912	Test
HOG50212_alig	144	16	2	1	0.961692	-3.730003	-3.728850	Test
HOG50212_alig	145	16	2	1	0.999376	-2.941281	-2.941281	Test
HOG50212_alig	146	16	1	1	1	0.000000	0.000000	Test
HOG50212_alig	147	17	2	1	0.339358	-2.313025	-1.856598	Test
HOG50212_alig	148	17	2	1	0.338407	-2.312824	-1.854596	Test
HOG50212_alig	149	17	2	1	0.952249	-4.955501	-4.953708	Test
HOG50212_alig	150	17	3	1	0.867497	-6.013893	-5.871749	Test
HOG50212_alig	151	17	3	1	0.5906	-6.258356	-5.731739	Test
HOG50212_alig	152	17	2	0.00543154	0.0108248	-3.253887	-0.006960	Test
HOG50212_alig	153	17	6	0.467404	0.335281	-20.270016	-17.414121	Test
HOG50212_alig	154	17	5	0.121176	0.179907	-15.274041	-12.139304	Test
HOG50212_alig	155	17	5	0.0379264	0.235602	-15.069505	-12.295849	Test
HOG50212_alig	156	17	3	0.00817518	0.00632076	-6.484115	-1.420199	Test
HOG50212_alig	157	17	3	0.00147503	0.00574299	-7.173860	-2.014084	Test
HOG50212_alig	158	17	1	1	1	0.000000	0.000000	Test
HOG50212_alig	159	17	3	0.167873	0.127071	-9.023953	-6.960942	Test
HOG50212_alig	160	17	3	0.265901	0.106786	-7.129005	-4.892075	Test
HOG50212_alig	161	17	3	0.182536	0.130696	-12.291496	-10.256613	Test
HOG50212_alig	162	17	2	0.211429	0.108564	-3.538855	-2.251358	Test
HOG50212_alig	163	18	3	0.134315	0.055364	-10.749036	-7.855211	Test
HOG50212_alig	164	18	7	0.159232	0.106947	-30.930641	-25.705788	Test
HOG50212_alig	165	18	2	0.584295	0.0751978	-4.996633	-3.413758	Test
HOG50212_alig	166	18	2	0.771357	0.201212	-2.704429	-1.887652	Test
HOG50212_alig	167	18	2	0.803789	0.293735	-10.162207	-9.610996	Test
HOG50212_alig	168	18	2	0.360417	0.613696	-7.861414	-7.734000	Test
HOG50212_alig	169	18	5	0.424533	0.245064	-20.213949	-17.494002	Test
HOG50212_alig	170	18	1	1	1	0.000000	0.000000	Test
HOG50212_alig	171	18	5	0.355848	0.37323	-22.091494	-19.966501	Test
HOG50212_alig	172	18	2	0.584295	0.0952665	-6.230917	-4.839392	Test
HOG50212_alig	173	18	3	0.509105	0.213913	-8.885154	-7.342969	Test
HOG50212_alig	174	18	5	0.412944	0.147054	-16.112143	-12.714006	Test
HOG50212_alig	175	18	4	0.849895	0.651378	-17.403234	-16.585507	Test
HOG50212_alig	176	18	5	0.349967	0.281154	-22.798973	-20.268762	Test
HOG50212_alig	177	18	5	0.00186574	0.0146016	-16.475650	-10.274832	Test
HOG50212_alig	178	18	2	0.199344	0.100252	-3.600435	-2.249672	Test
HOG50212_alig	179	18	2	0.771357	0.200968	-2.704474	-1.886811	Test
HOG50212_alig	180	18	4	0.00708923	0.0211694	-17.499561	-12.643026	Test
HOG50212_alig	181	18	4	0.0148182	0.123645	-13.473107	-10.590840	Test
HOG50212_alig	182	18	3	0.0450824	0.10692	-9.802608	-7.566932	Test
HOG50212_alig	183	18	2	0.771357	0.459276	-3.824256	-3.550427	Test
HOG50212_alig	184	18	3	0.521871	0.387509	-8.678235	-7.730219	Test
HOG50212_alig	185	18	1	1	1	0.000000	0.000000	Test
HOG50212_alig	186	18	2	0.771357	0.201152	-2.703564	-1.886568	Test
HOG50212_alig	187	18	2	0.771357	0.201115	-2.704007	-1.886876	Test
HOG50212_alig	188	18	4	0.36313	0.289319	-16.803297	-14.926454	Test
HOG50212_alig	189	18	4	0.0229456	0.0312921	-9.992774	-5.565623	Test
HOG50212_alig	190	17	4	0.441676	0.207383	-14.135470	-11.857661	Test
HOG50212_alig	191	17	2	0.537091	0.157046	-3.524064	-2.522842	Test
HOG50212_alig	192	17	3	0.0663395	0.0500278	-11.008995	-8.013819	Test
HOG50212_alig	193	17	4	0.288775	0.270655	-14.911279	-12.953173	Test
HOG50212_alig	194	17	3	0.327769	0.240258	-7.121247	-5.695206	Test
HOG50212_alig	195	17	3	0.0631627	0.0782008	-9.919195	-7.370720	Test
HOG50212_alig	196	17	1	1	1	0.000000	0.000000	Test
HOG50212_alig	197	17	4	0.675098	0.444903	-12.288100	-10.951796	Test
HOG50212_alig	198	17	4	0.170332	0.176219	-20.456266	-17.986099	Test
HOG50212_alig	199	17	5	0.614278	0.47467	-19.108300	-17.347725	Test
HOG50212_alig	200	17	3	0.315849	0.192252	-6.908098	-5.259148	Test
HOG50212_alig	201	17	5	0.222378	0.479084	-18.563233	-16.817194	Test
HOG50212_alig	202	17	2	0.430369	0.752339	-10.903401	-10.853613	Test
HOG50212_alig	203	17	2	0.881384	0.28983	-9.299373	-8.739168	Test
HOG50212_alig	204	17	3	0.311957	0.241825	-11.030896	-9.611357	Test
HOG50212_alig	205	17	2	0.996892	0.891324	-5.850108	-5.840774	Test
HOG50212_alig	206	17	1	1	1	0.000000	0.000000	Test
HOG50212_alig	207	17	6	0.238029	0.170216	-25.309408	-21.431498	Test
HOG50212_alig	208	17	6	0.115198	0.373392	-19.839942	-17.159279	Test
HOG50212_alig	209	17	2	0.681965	0.653741	-5.563474	-5.462866	Test
HOG50212_alig	210	17	5	0.0023303	0.00978226	-16.100045	-9.436369	Test
HOG50212_alig	211	17	4	0.0112512	0.0369955	-16.326948	-12.084827	Test
HOG50212_alig	212	17	3	0.315849	0.175712	-7.456159	-5.717250	Test
HOG50212_alig	213	17	3	0.311957	0.17497	-11.411147	-9.668004	Test
HOG50212_alig	214	17	4	0.0928612	0.0458843	-17.466191	-13.463104	Test
HOG50212_alig	215	17	4	0.219932	0.178991	-18.912990	-16.461170	Test
HOG50212_alig	216	17	4	0.236138	0.223715	-14.957543	-12.770045	Test
HOG50212_alig	217	17	1	1	1	0.000000	0.000000	Test
HOG50212_alig	218	17	4	0.400153	0.118646	-14.095484	-11.165696	Test
HOG50212_alig	219	17	2	0.996892	0.874159	-7.988521	-7.975979	Test
HOG50212_alig	220	17	1	1	1	0.000000	0.000000	Test
HOG50212_alig	221	17	1	1	1	0.000000	0.000000	Test
HOG50212_alig	222	17	2	0.033878	0.0208692	-5.442028	-2.773188	Test
HOG50212_alig	223	1	0	1	NA	NA	NA	No observation
HOG50212_alig	224	1	0	1	NA	NA	NA	No observation
HOG50212_alig	225	17	3	0.265901	0.195165	-7.071958	-5.438048	Test
HOG50212_alig	226	17	5	0.0103109	0.0388392	-11.681081	-6.633019	Test
HOG50212_alig	227	17	4	0.32046	0.197777	-12.533981	-10.199928	Test
HOG50212_alig	228	19	6	0.30073	0.169319	-22.462230	-18.576752	Test
HOG50212_alig	229	19	2	0.457926	0.139323	-3.642415	-2.549703	Test
HOG50212_alig	230	19	7	0.0188417	0.209629	-22.389062	-18.184451	Test
HOG50212_alig	231	19	2	0.783724	0.454683	-3.844123	-3.564648	Test
HOG50212_alig	232	19	4	0.286888	0.251894	-13.303297	-11.258230	Test
HOG50212_alig	233	19	7	0.0276235	0.0413613	-24.498150	-17.944435	Test
HOG50212_alig	234	20	2	0.480494	0.140939	-3.657013	-2.573172	Test
HOG50212_alig	235	20	2	0.794821	0.472593	-3.900605	-3.642652	Test
HOG50212_alig	236	20	1	1	1	0.000000	0.000000	Test
HOG50212_alig	237	20	2	0.794821	0.255935	-3.630238	-2.984930	Test
HOG50212_alig	238	20	1	1	1	0.000000	0.000000	Test
HOG50212_alig	239	20	1	1	1	0.000000	0.000000	Test
HOG50212_alig	240	20	3	0.243468	0.599543	-8.241880	-7.730293	Test
HOG50212_alig	241	20	1	1	1	0.000000	0.000000	Test
HOG50212_alig	242	20	3	0.243468	0.193904	-7.562617	-5.922223	Test
HOG50212_alig	243	20	6	0.447555	0.162579	-28.293222	-24.349766	Test
HOG50212_alig	244	20	3	0.284364	0.248614	-7.421207	-6.029352	Test
HOG50212_alig	245	20	6	0.181975	0.113376	-16.807653	-12.360753	Test
HOG50212_alig	246	20	3	0.834427	0.891686	-17.335854	-17.221213	Test
HOG50212_alig	247	20	4	0.0296237	0.0591596	-19.752316	-16.033061	Test
HOG50212_alig	248	20	5	0.0237073	0.128282	-15.303792	-11.729900	Test
HOG50212_alig	249	20	4	0.0731236	0.130008	-17.182643	-14.358270	Test
HOG50212_alig	250	20	5	0.0972141	0.134307	-18.266745	-14.751707	Test
HOG50212_alig	251	20	3	0.860309	0.652915	-12.208646	-11.782338	Test
HOG50212_alig	252	20	1	1	1	0.000000	0.000000	Test
HOG50212_alig	253	20	3	0.00180636	0.01592	-10.968066	-6.827885	Test
HOG50212_alig	254	20	1	1	1	0.000000	0.000000	Test
HOG50212_alig	255	20	3	0.690167	0.150332	-6.966639	-5.071730	Test
HOG50212_alig	256	20	3	0.567983	0.106549	-8.523473	-6.284318	Test
HOG50212_alig	257	20	1	1	1	0.000000	0.000000	Test
HOG50212_alig	258	20	1	1	1	0.000000	0.000000	Test
HOG50212_alig	259	12	3	1	0.956137	-6.095122	-6.050267	Test
HOG50212_alig	260	13	3	1	0.999447	-5.492282	-5.491729	Test
HOG50212_alig	261	13	2	1	0.862309	-2.705864	-2.690824	Test
HOG50212_alig	262	13	2	1	0.853696	-3.973561	-3.956558	Test
HOG50212_alig	263	13	2	1	0.96099	-2.854927	-2.853731	Test
HOG50212_alig	264	21	6	0.617715	0.542355	-24.397465	-22.372867	Test
HOG50212_alig	265	22	3	0.141592	0.143993	-10.067357	-8.129368	Test
HOG50212_alig	266	22	3	0.170075	0.511263	-11.919424	-11.248553	Test
HOG50212_alig	267	22	6	0.717361	0.545308	-23.554472	-21.540180	Test
HOG50212_alig	268	23	5	0.00909052	0.0115562	-24.622888	-18.151239	Test
HOG50212_alig	269	23	4	0.678601	0.141637	-12.203713	-9.478523	Test
HOG50212_alig	270	23	1	1	1	0.000000	0.000000	Test
HOG50212_alig	271	23	3	0.168071	0.506711	-11.678874	-10.999060	Test
HOG50212_alig	272	23	5	0.00072535	0.00287708	-21.860339	-13.806130	Test
HOG50212_alig	273	23	5	0.101458	0.297518	-14.770484	-12.319563	Test
HOG50212_alig	274	23	6	0.899733	0.669287	-23.887161	-22.287501	Test
HOG50212_alig	275	23	5	0.280625	0.295818	-22.491353	-20.032368	Test
HOG50212_alig	276	23	1	1	1	0.000000	0.000000	Test
HOG50212_alig	277	23	5	0.745586	0.439866	-19.738622	-17.860036	Test
HOG50212_alig	278	23	4	0.0941046	0.260731	-19.430320	-17.426923	Test
HOG50212_alig	279	23	1	1	1	0.000000	0.000000	Test
HOG50212_alig	280	23	4	0.0455974	0.241724	-11.193334	-9.098625	Test
HOG50212_alig	281	23	6	0.0715861	0.0932863	-23.187523	-18.475308	Test
HOG50212_alig	282	23	2	0.19603	0.0843016	-10.973187	-9.483209	Test
HOG50212_alig	283	23	4	0.048728	0.0485553	-23.434048	-19.493986	Test
HOG50212_alig	284	23	5	0.188803	0.554	-22.372797	-20.861347	Test
HOG50212_alig	285	23	6	0.00165163	0.00202256	-28.344096	-18.903493	Test
HOG50212_alig	286	23	5	0.341314	0.355553	-21.612413	-19.416439	Test
HOG50212_alig	287	23	7	0.00341226	0.12267	-25.214985	-20.191285	Test
HOG50212_alig	288	21	5	0.0172895	0.191804	-23.212536	-20.162537	Test
HOG50212_alig	289	23	2	0.998507	0.713417	-11.775719	-11.708275	Test
HOG50212_alig	290	23	5	0.0188906	0.105215	-15.592070	-11.766367	Test
HOG50212_alig	291	23	6	0.0051359	0.0426968	-21.722695	-15.984067	Test
HOG50212_alig	292	23	6	0.0810746	0.164815	-27.591253	-23.667264	Test
HOG50212_alig	293	23	3	0.744001	0.523003	-10.813131	-10.164964	Test
HOG50212_alig	294	23	6	0.376339	0.193614	-28.954766	-25.262781	Test
HOG50212_alig	295	23	3	0.268623	0.344457	-14.146199	-13.080414	Test
HOG50212_alig	296	23	11	0.310693	0.503359	-39.031553	-34.378706	Test
HOG50212_alig	297	23	3	0.25837	0.210001	-7.799454	-6.238811	Test
HOG50212_alig	298	24	4	0.00834029	0.0864082	-20.770560	-17.478563	Test
HOG50212_alig	299	24	5	0.285194	0.438978	-18.855635	-16.973955	Test
HOG50212_alig	300	24	7	0.295629	0.228588	-39.371395	-35.305368	Test
HOG50212_alig	301	24	4	0.105059	0.111352	-9.490851	-6.488191	Test
HOG50212_alig	302	24	4	0.0770601	0.0856534	-18.300147	-14.998192	Test
HOG50212_alig	303	24	2	0.0100457	0.322461	-6.078355	-5.588885	Test
HOG50212_alig	304	24	2	0.863249	1	-4.218281	-4.218281	Test
HOG50212_alig	305	24	2	0.191109	0.186665	-3.182687	-2.310814	Test
HOG50212_alig	306	24	3	0.557982	0.0684087	-9.893014	-7.210759	Test
HOG50212_alig	307	24	2	0.191109	0.186696	-3.183316	-2.311567	Test
HOG50212_alig	308	24	4	0.23813	0.128863	-16.443627	-13.609043	Test
HOG50212_alig	309	24	3	0.719515	0.264353	-8.287788	-6.957319	Test
HOG50212_alig	310	24	1	1	1	0.000000	0.000000	Test
HOG50212_alig	311	24	7	0.0394803	0.0585921	-26.783489	-20.705827	Test
HOG50212_alig	312	24	7	0.0178839	0.171893	-26.171324	-21.656283	Test
HOG50212_alig	313	24	9	0.00349391	0.0594135	-30.482565	-22.989444	Test
HOG50212_alig	314	24	3	0.0111803	0.0953048	-12.139723	-9.789048	Test
HOG50212_alig	315	24	4	0.240249	0.350555	-12.391430	-10.751854	Test
HOG50212_alig	316	24	4	0.014445	0.173889	-19.544005	-17.058206	Test
HOG50212_alig	317	24	3	0.0573818	0.088556	-13.738509	-11.314389	Test
HOG50212_alig	318	24	4	0.105059	0.17506	-10.726236	-8.248318	Test
HOG50212_alig	319	22	2	0.434861	0.354173	-5.807113	-5.377888	Test
HOG50212_alig	320	22	6	0.0140574	0.144353	-23.238065	-19.126439	Test
HOG50212_alig	321	24	7	0.283262	0.0959213	-33.668299	-28.285868	Test
HOG50212_alig	322	24	4	0.396765	0.264417	-12.057657	-10.071260	Test
HOG50212_alig	323	24	9	0.0163406	0.177676	-38.380472	-32.657378	Test
HOG50212_alig	324	24	5	0.288652	0.0855783	-17.187318	-13.102793	Test
HOG50212_alig	325	24	2	0.208889	0.198173	-3.137461	-2.309567	Test
HOG50212_alig	326	24	6	0.175601	0.338077	-24.725125	-21.882581	Test
HOG50212_alig	327	24	8	0.381704	0.0804238	-37.717885	-31.380193	Test
HOG50212_alig	328	24	3	0.805779	0.202755	-7.070386	-5.474631	Test
HOG50212_alig	329	24	4	0.328284	0.50503	-15.855232	-14.685572	Test
HOG50212_alig	330	24	4	0.203144	0.200887	-17.535159	-15.219591	Test
HOG50212_alig	331	24	8	0.174008	0.261707	-37.750064	-33.312235	Test
HOG50212_alig	332	24	2	0.787198	0.444124	-4.070382	-3.777580	Test
HOG50212_alig	333	24	1	1	1	0.000000	0.000000	Test
HOG50212_alig	334	24	6	0.454728	0.661477	-26.717288	-25.092198	Test
HOG50212_alig	335	24	5	0.00504514	0.0126002	-16.914761	-10.543069	Test
HOG50212_alig	336	24	5	0.254734	0.168212	-16.046589	-12.823491	Test
HOG50212_alig	337	24	7	0.0926814	0.125478	-22.422293	-17.432068	Test
HOG50212_alig	338	24	5	0.185847	0.274571	-20.934219	-18.371014	Test
HOG50212_alig	339	24	7	0.00543131	0.237964	-26.336043	-22.335091	Test
HOG50212_alig	340	24	3	0.249498	0.270559	-7.604383	-6.297118	Test
HOG50212_alig	341	24	6	0.0863131	0.049181	-21.740409	-16.183805	Test
HOG50212_alig	342	24	6	0.0187623	0.150575	-24.476906	-20.424709	Test
HOG50212_alig	343	24	5	0.20858	0.160643	-15.683976	-12.400686	Test
HOG50212_alig	344	24	10	0.0229478	0.178707	-37.529047	-31.200104	Test
HOG50212_alig	345	24	3	0.208099	0.28915	-8.592836	-7.352025	Test
HOG50212_alig	346	23	4	0.515459	0.158864	-11.895275	-9.303680	Test
HOG50212_alig	347	23	6	0.366996	0.27588	-26.327649	-23.165224	Test
HOG50212_alig	348	23	4	0.24248	0.152566	-14.208123	-11.569350	Test
HOG50212_alig	349	23	4	0.852352	0.66165	-18.940449	-18.145430	Test
HOG50212_alig	350	23	7	0.0566561	0.117802	-25.687456	-20.604072	Test
HOG50212_alig	351	23	4	0.110942	0.10994	-14.292964	-11.275672	Test
HOG50212_alig	352	23	6	0.111784	0.173686	-22.969311	-19.120330	Test
HOG50212_alig	353	23	6	0.812267	0.543039	-23.940502	-21.918294	Test
HOG50212_alig	354	23	5	0.504066	0.455845	-22.044329	-20.220704	Test
HOG50212_alig	355	23	9	0.405951	0.526576	-40.841763	-37.294997	Test
HOG50212_alig	356	24	5	0.0350582	0.0861216	-15.647355	-11.570710	Test
HOG50212_alig	357	24	7	0.511735	0.315399	-30.332793	-26.803150	Test
HOG50212_alig	358	24	7	0.41703	0.641152	-30.317405	-28.185976	Test
HOG50212_alig	359	24	3	0.53294	0.424898	-9.687799	-8.831893	Test
HOG50212_alig	360	24	6	0.247869	0.21718	-24.657878	-21.134458	Test
HOG50212_alig	361	24	5	0.033196	0.213718	-25.147749	-22.242273	Test
HOG50212_alig	362	24	6	0.10011	0.150279	-24.144325	-20.089350	Test
HOG50212_alig	363	24	5	0.23419	0.316375	-18.617199	-16.253258	Test
HOG50212_alig	364	24	3	0.0738186	0.175753	-12.775304	-11.036628	Test
HOG50212_alig	365	24	6	0.0939863	0.111083	-22.416652	-17.941746	Test
HOG50212_alig	366	24	2	0.669194	0.161998	-3.068068	-2.090330	Test
HOG50212_alig	367	24	7	0.741582	0.657638	-28.800683	-26.730318	Test
HOG50212_alig	368	24	1	1	1	0.000000	0.000000	Test
HOG50212_alig	369	23	2	0.813916	0.177889	-2.983029	-2.075442	Test
HOG50212_alig	370	23	3	0.2665	0.493206	-6.245508	-5.538680	Test
HOG50212_alig	371	23	5	0.0948735	0.0531631	-15.695248	-11.025758	Test
HOG50212_alig	372	23	6	0.0822297	0.243243	-24.449399	-21.095180	Test
HOG50212_alig	373	23	4	0.316374	0.277702	-12.554346	-10.627499	Test
HOG50212_alig	374	23	5	0.688044	0.249898	-17.670255	-14.977061	Test
HOG50212_alig	375	23	3	0.510242	0.268944	-8.839476	-7.526224	Test
HOG50212_alig	376	22	7	0.365959	0.332523	-24.005266	-20.567562	Test
HOG50212_alig	377	20	5	0.00624271	0.0965427	-19.245829	-15.311930	Test
HOG50212_alig	378	23	4	0.00945413	0.0424671	-13.039112	-8.949966	Test
HOG50212_alig	379	22	3	1	0.916547	-10.240995	-10.153854	Test
HOG50212_alig	380	1	0	1	NA	NA	NA	No observation
HOG50212_alig	381	24	5	0.119944	0.175117	-17.961096	-14.790811	Test
HOG50212_alig	382	21	6	0.0638084	0.196876	-21.463083	-17.795452	Test
HOG50212_alig	383	21	3	0.567983	0.190295	-7.065839	-5.406659	Test
HOG50212_alig	384	21	7	0.0785752	0.266073	-32.165936	-28.348382	Test
HOG50212_alig	385	21	6	0.14325	0.165437	-23.191020	-19.272400	Test
HOG50212_alig	386	21	7	0.00553502	0.013977	-25.310786	-17.331401	Test
HOG50212_alig	387	21	1	1	1	0.000000	0.000000	Test
HOG50212_alig	388	21	2	0.696521	0.473412	-6.460319	-6.203318	Test
HOG50212_alig	389	21	8	0.104978	0.121341	-34.744159	-29.034439	Test
HOG50212_alig	390	21	2	0.756041	0.438801	-4.213842	-3.914134	Test
HOG50212_alig	391	20	6	0.611332	0.499741	-28.778437	-26.601761	Test
HOG50212_alig	392	21	5	0.451803	0.171428	-18.221609	-15.023348	Test
HOG50212_alig	393	18	4	0.237695	0.423949	-14.475942	-13.077305	Test
HOG50212_alig	394	18	3	0.254663	0.136797	-7.454362	-5.465106	Test
HOG50212_alig	395	21	7	0.00553502	0.0117451	-20.861984	-12.660294	Test
HOG50212_alig	396	21	2	0.963226	0.62137	-7.357174	-7.235200	Test
HOG50212_alig	397	21	8	0.274314	0.201233	-36.704490	-31.813201	Test
HOG50212_alig	398	22	1	1	1	0.000000	0.000000	Test
HOG50212_alig	399	22	3	0.167599	0.314116	-9.269560	-8.111569	Test
HOG50212_alig	400	22	1	1	1	0.000000	0.000000	Test
HOG50212_alig	401	22	2	0.410163	0.249363	-4.475662	-3.812228	Test
HOG50212_alig	402	22	6	0.0884977	0.239405	-17.378273	-14.000124	Test
HOG50212_alig	403	22	2	0.973373	0.734978	-8.806391	-8.749096	Test
HOG50212_alig	404	22	4	0.0791303	0.248004	-14.594357	-12.530522	Test
HOG50212_alig	405	22	5	0.22031	0.0761426	-15.989127	-11.759673	Test
HOG50212_alig	406	22	3	0.0978422	0.0935649	-9.110075	-6.740975	Test
HOG50212_alig	407	22	1	1	1	0.000000	0.000000	Test
HOG50212_alig	408	22	2	0.562135	0.147094	-3.096829	-2.045764	Test
HOG50212_alig	409	22	1	1	1	0.000000	0.000000	Test
HOG50212_alig	410	22	3	0.662245	0.311533	-14.557760	-13.391509	Test
HOG50212_alig	411	22	1	1	1	0.000000	0.000000	Test
HOG50212_alig	412	22	8	0.00329721	0.195453	-29.790879	-24.850682	Test
HOG50212_alig	413	22	2	0.756041	0.344878	-3.842755	-3.396648	Test
HOG50212_alig	414	22	1	1	1	0.000000	0.000000	Test
HOG50212_alig	415	21	1	1	1	0.000000	0.000000	Test
HOG50212_alig	416	21	5	0.0103109	0.0198291	-24.399726	-18.555754	Test
HOG50212_alig	417	21	3	0.614712	0.599706	-10.209613	-9.698297	Test
HOG50212_alig	418	21	4	0.333908	0.258838	-10.068309	-8.056093	Test
HOG50212_alig	419	21	6	0.42647	0.302442	-23.109601	-20.090096	Test
HOG50212_alig	420	21	4	0.914793	0.16774	-12.276503	-9.748486	Test
HOG50212_alig	421	21	7	0.035845	0.170994	-23.709046	-19.185926	Test
HOG50212_alig	422	21	7	0.538033	0.311103	-28.411951	-24.858660	Test
HOG50212_alig	423	21	2	0.62292	0.203988	-2.853118	-2.046322	Test
HOG50212_alig	424	21	6	0.537589	0.479205	-24.531420	-22.278885	Test
HOG50212_alig	425	20	2	0.771357	0.437431	-4.200416	-3.898909	Test
HOG50212_alig	426	20	2	0.240602	0.152851	-5.294695	-4.272911	Test
HOG50212_alig	427	7	2	0.776723	0.472782	-2.625494	-2.367761	Test
HOG50212_alig	428	9	1	1	1	0.000000	0.000000	Test
HOG50212_alig	429	9	1	1	1	0.000000	0.000000	Test
HOG50212_alig	430	9	1	1	1	0.000000	0.000000	Test
HOG50212_alig	431	9	1	1	1	0.000000	0.000000	Test
HOG50212_alig	432	12	5	1	0.998235	-8.285566	-8.224934	Test
HOG50212_alig	433	22	4	1	0.785226	-12.180749	-11.647623	Test
HOG50212_alig	434	22	1	1	1	0.000000	0.000000	Test
HOG50212_alig	435	22	5	0.686214	0.881888	-21.627710	-21.039264	Test
HOG50212_alig	436	22	2	0.878748	0.609999	-3.805520	-3.675432	Test
HOG50212_alig	437	22	8	0.0462915	0.207536	-28.698145	-23.858890	Test
HOG50212_alig	438	22	5	0.187729	0.114534	-22.876578	-19.158232	Test
HOG50212_alig	439	22	1	1	1	0.000000	0.000000	Test
HOG50212_alig	440	22	6	0.0431839	0.277771	-21.930690	-18.778796	Test
HOG50212_alig	441	22	1	1	1	0.000000	0.000000	Test
HOG50212_alig	442	22	1	1	1	0.000000	0.000000	Test
HOG50212_alig	443	22	7	0.773062	0.550407	-24.765958	-22.291600	Test
HOG50212_alig	444	22	5	0.372732	0.22342	-18.033638	-15.187997	Test
HOG50212_alig	445	22	3	0.0612115	0.129116	-8.599326	-6.552280	Test
HOG50212_alig	446	22	4	0.583488	0.443924	-16.945331	-15.606172	Test
HOG50212_alig	447	22	4	0.0867502	0.333041	-11.388224	-9.684782	Test
HOG50212_alig	448	22	2	0.00165148	0.0398711	-5.459222	-3.347542	Test
HOG50212_alig	449	22	5	0.247692	0.607852	-18.604999	-17.251104	Test
HOG50212_alig	450	22	4	0.760745	0.61178	-22.969564	-22.062302	Test
HOG50212_alig	451	22	4	0.19107	0.160919	-22.571374	-19.994787	Test
HOG50212_alig	452	22	5	0.106398	0.172422	-22.148439	-18.957765	Test
HOG50212_alig	453	22	5	0.895167	0.836985	-20.938824	-20.218171	Test
HOG50212_alig	454	22	6	0.401143	0.257604	-28.618050	-25.350680	Test
HOG50212_alig	455	22	6	0.431292	0.630564	-23.867713	-22.141389	Test
HOG50212_alig	456	22	6	0.333582	0.351926	-24.210015	-21.432393	Test
HOG50212_alig	457	22	4	0.836351	0.25762	-19.481177	-17.463259	Test
HOG50212_alig	458	22	4	0.443147	0.163257	-19.434526	-16.874805	Test
HOG50212_alig	459	22	6	0.521699	0.100314	-23.354696	-18.740770	Test
HOG50212_alig	460	24	6	0.758634	0.692075	-29.255838	-27.730183	Test
HOG50212_alig	461	24	8	0.361023	0.283302	-39.937126	-35.641198	Test
HOG50212_alig	462	24	6	0.321046	0.355533	-24.891686	-22.130656	Test
HOG50212_alig	463	24	4	0.791285	0.271318	-11.442155	-9.487023	Test
HOG50212_alig	464	24	3	0.0535031	0.0449497	-7.270390	-4.168180	Test
HOG50212_alig	465	22	2	0.804835	0.506704	-4.018267	-3.797833	Test
HOG50212_alig	466	22	5	0.0746911	0.069066	-21.282796	-16.933055	Test
HOG50212_alig	467	22	2	0.575919	0.294335	-6.604717	-6.054875	Test
HOG50212_alig	468	22	3	0.221196	0.0296699	-12.912364	-9.394743	Test
HOG50212_alig	469	22	3	0.0355869	0.106209	-14.926803	-12.684455	Test
HOG50212_alig	470	22	7	0.00134881	0.0669998	-24.995258	-19.103992	Test
HOG50212_alig	471	22	3	0.348706	0.216984	-17.263905	-15.735975	Test
HOG50212_alig	472	20	1	1	1	0.000000	0.000000	Test
HOG50212_alig	473	20	4	0.0041388	0.00530749	-13.254585	-6.899557	Test
HOG50212_alig	474	20	3	0.747473	0.128644	-8.329193	-6.278489	Test
HOG50212_alig	475	20	5	0.0463788	0.0824585	-19.968297	-15.837594	Test
HOG50212_alig	476	20	5	0.216881	0.162439	-15.337376	-12.068596	Test
HOG50212_alig	477	20	5	0.550376	0.19925	-15.727699	-12.728378	Test
HOG50212_alig	478	20	6	0.0181278	0.272051	-16.790538	-13.606604	Test
HOG50212_alig	479	20	2	0.471011	0.600735	-6.180151	-6.043207	Test
HOG50212_alig	480	20	3	0.400789	0.354031	-14.262359	-13.223989	Test
HOG50212_alig	481	20	2	0.542513	0.138673	-3.062377	-1.966063	Test
HOG50212_alig	482	20	1	1	1	0.000000	0.000000	Test
HOG50212_alig	483	20	3	0.330756	0.325444	-6.801216	-5.678652	Test
HOG50212_alig	484	20	3	0.0222661	0.0748108	-11.781965	-9.189172	Test
HOG50212_alig	485	20	5	0.193126	0.338677	-25.221117	-22.954720	Test
HOG50212_alig	486	20	5	0.000421764	0.00882313	-15.836848	-9.054628	Test
HOG50212_alig	487	20	2	0.542513	0.138534	-3.062723	-1.965639	Test
HOG50212_alig	488	20	5	0.332153	0.399542	-14.752548	-12.728521	Test
HOG50212_alig	489	20	8	0.390966	0.335155	-26.351620	-22.366104	Test
HOG50212_alig	490	20	8	0.0114455	0.00950876	-33.036021	-23.732101	Test
HOG50212_alig	491	20	3	0.267664	0.1591	-6.399410	-4.561186	Test
HOG50212_alig	492	20	1	1	1	0.000000	0.000000	Test
HOG50212_alig	493	20	4	0.270279	0.163682	-18.908914	-16.352236	Test
HOG50212_alig	494	21	3	0.290399	0.178298	-16.954347	-15.230046	Test
HOG50212_alig	495	21	4	0.155615	0.138742	-10.968371	-8.219239	Test
HOG50212_alig	496	19	2	0.158952	0.183587	-10.663825	-9.779651	Test
HOG50212_alig	497	21	1	1	1	0.000000	0.000000	Test
HOG50212_alig	498	21	5	0.0189791	0.102226	-24.141470	-20.279451	Test
HOG50212_alig	499	21	1	1	1	0.000000	0.000000	Test
HOG50212_alig	500	21	4	0.017139	0.168992	-15.191521	-12.672217	Test
HOG50212_alig	501	21	4	0.39166	0.346337	-18.035422	-16.380722	Test
HOG50212_alig	502	21	3	0.0717564	0.147876	-13.394570	-11.483191	Test
HOG50212_alig	503	21	1	1	1	0.000000	0.000000	Test
HOG50212_alig	504	21	7	0.312472	0.303987	-28.708614	-25.115605	Test
HOG50212_alig	505	21	4	0.125259	0.202639	-9.606110	-7.300832	Test
HOG50212_alig	506	21	3	0.335357	0.368053	-7.681204	-6.681675	Test
HOG50212_alig	507	21	1	1	1	0.000000	0.000000	Test
HOG50212_alig	508	21	5	0.4198	0.496303	-19.900036	-18.209860	Test
HOG50212_alig	509	21	4	0.78197	0.686316	-22.764908	-22.023661	Test
HOG50212_alig	510	21	1	1	1	0.000000	0.000000	Test
HOG50212_alig	511	21	5	0.130537	0.0715084	-20.428451	-16.121491	Test
HOG50212_alig	512	21	2	0.219081	0.200492	-3.129930	-2.310536	Test
HOG50212_alig	513	21	2	0.562135	0.139465	-3.068306	-1.976380	Test
HOG50212_alig	514	21	3	0.263273	0.432674	-7.775004	-6.937233	Test
HOG50212_alig	515	21	6	0.0511066	0.185223	-21.515111	-17.758822	Test
HOG50212_alig	516	21	4	0.408271	0.3434	-9.189424	-7.524102	Test
HOG50212_alig	517	21	2	0.62292	0.147011	-3.028069	-1.976569	Test
HOG50212_alig	518	21	5	0.0337679	0.133458	-19.632013	-16.108824	Test
HOG50212_alig	519	21	4	0.287229	0.470534	-15.280693	-14.017479	Test
HOG50212_alig	520	21	4	0.810106	0.475327	-11.303159	-10.053257	Test
HOG50212_alig	521	21	1	1	1	0.000000	0.000000	Test
HOG50212_alig	522	21	5	0.142659	0.0396274	-24.473988	-19.450004	Test
HOG50212_alig	523	1	1	1	1	0.000000	0.000000	Test
HOG50212_alig	524	21	1	1	1	0.000000	0.000000	Test
HOG50212_alig	525	21	2	0.219081	0.200256	-3.130159	-2.309906	Test
HOG50212_alig	526	21	4	0.226415	0.159702	-10.367604	-7.782152	Test
HOG50212_alig	527	21	2	0.235688	0.351977	-10.153858	-9.720699	Test
HOG50212_alig	528	21	2	0.816942	0.107182	-11.013136	-9.715494	Test
HOG50212_alig	529	21	4	0.226415	0.145948	-10.832855	-8.142485	Test
HOG50212_alig	530	21	4	0.0267023	0.0509761	-16.585341	-12.699551	Test
HOG50212_alig	531	21	6	0.0277345	0.211	-23.301908	-19.735859	Test
HOG50212_alig	532	21	2	0.270003	0.0409158	-8.237789	-6.148040	Test
HOG50212_alig	533	21	2	0.230318	0.207956	-3.109639	-2.316840	Test
HOG50212_alig	534	20	5	0.025058	0.184708	-15.568927	-12.468971	Test
HOG50212_alig	535	20	7	0.0276235	0.0630665	-23.633285	-17.657688	Test
HOG50212_alig	536	19	5	0.902739	0.577627	-16.287681	-14.846284	Test
HOG50212_alig	537	19	3	0.0234371	0.149524	-8.494006	-6.593706	Test
HOG50212_alig	538	19	1	1	1	0.000000	0.000000	Test
HOG50212_alig	539	19	5	0.0864715	0.234616	-16.511067	-13.731706	Test
HOG50212_alig	540	19	4	0.55506	0.476281	-19.004288	-17.757024	Test
HOG50212_alig	541	19	4	0.741267	0.362114	-13.145235	-11.546307	Test
HOG50212_alig	542	19	5	0.161695	0.0888787	-24.947876	-20.910509	Test
HOG50212_alig	543	19	5	0.824454	0.275181	-12.737562	-10.177439	Test
HOG50212_alig	544	19	5	0.424062	0.262915	-25.106392	-22.483078	Test
HOG50212_alig	545	19	5	0.424062	0.292996	-24.759469	-22.287010	Test
HOG50212_alig	546	19	4	0.0499513	0.0902262	-17.436687	-14.193812	Test
HOG50212_alig	547	19	6	0.203964	0.280938	-22.348111	-19.213726	Test
HOG50212_alig	548	19	4	0.514721	0.790287	-14.020782	-13.498119	Test
HOG50212_alig	549	19	5	0.651118	0.636343	-21.150335	-19.877125	Test
HOG50212_alig	550	19	5	0.0307155	0.105158	-16.580368	-12.753981	Test
HOG50212_alig	551	19	5	0.130932	0.156653	-17.427596	-14.111526	Test
HOG50212_alig	552	19	4	0.65042	0.344027	-16.365331	-14.702283	Test
HOG50212_alig	553	19	5	0.742421	0.537039	-24.893349	-23.330573	Test
HOG50212_alig	554	19	4	0.0607186	0.0870785	-10.862939	-7.579715	Test
HOG50212_alig	555	19	4	0.365449	0.632865	-16.165987	-15.306818	Test
HOG50212_alig	556	19	5	0.0963847	0.0950313	-13.428690	-9.475010	Test
HOG50212_alig	557	19	4	0.383051	0.247335	-20.748697	-18.681606	Test
HOG50212_alig	558	18	4	0.672057	0.195517	-9.609953	-7.262297	Test
HOG50212_alig	559	18	3	0.215775	0.659006	-10.218293	-9.801271	Test
HOG50212_alig	560	18	3	0.503401	0.0862482	-12.643430	-10.192903	Test
HOG50212_alig	561	18	4	0.772726	0.194501	-11.265471	-8.911653	Test
HOG50212_alig	562	18	6	0.159878	0.429565	-21.260589	-18.816042	Test
HOG50212_alig	563	16	3	0.621006	0.100798	-6.604930	-4.310294	Test
HOG50212_alig	564	8	4	1	0.99781	-9.213242	-9.192686	Test
HOG50212_alig	565	8	4	1	0.866857	-7.097878	-6.734424	Test
HOG50212_alig	566	8	2	1	0.297988	-2.247089	-1.705501	Test
HOG50212_alig	567	8	3	1	0.693916	-5.193815	-4.828411	Test
HOG50212_alig	568	8	3	1	0.243927	-6.539090	-5.128205	Test
HOG50212_alig	569	8	3	1	0.999981	-8.265468	-8.265449	Test
HOG50212_alig	570	6	0	1	NA	NA	NA	No observation
